abgerufen_am,datum,geplante_anreisen,geplante_abreisen,geplante_tagesgaeste,gaeste_auf_insel,inhalt_sha256,quell_url,rohdatei
2026-08-15T15:14:33+02:00,2026-08-14,1348,1305,965,4490,898095ace7498bce76db3d95160a33ec98faf177f87a803b094b41a5b5a6e917,https://www.spiekeroog.de/buchung/file/codebehind/loadGaesteStatistik.php,raw/20260815T151433+0200_898095ace749.html
2026-08-15T15:14:33+02:00,2026-08-15,1114,1293,441,4303,898095ace7498bce76db3d95160a33ec98faf177f87a803b094b41a5b5a6e917,https://www.spiekeroog.de/buchung/file/codebehind/loadGaesteStatistik.php,raw/20260815T151433+0200_898095ace749.html
2026-08-15T15:14:33+02:00,2026-08-16,934,910,218,3957,898095ace7498bce76db3d95160a33ec98faf177f87a803b094b41a5b5a6e917,https://www.spiekeroog.de/buchung/file/codebehind/loadGaesteStatistik.php,raw/20260815T151433+0200_898095ace749.html
2026-08-15T15:14:33+02:00,2026-08-17,706,539,222,3788,898095ace7498bce76db3d95160a33ec98faf177f87a803b094b41a5b5a6e917,https://www.spiekeroog.de/buchung/file/codebehind/loadGaesteStatistik.php,raw/20260815T151433+0200_898095ace749.html
2026-08-15T15:14:33+02:00,2026-08-18,284,279,96,3561,898095ace7498bce76db3d95160a33ec98faf177f87a803b094b41a5b5a6e917,https://www.spiekeroog.de/buchung/file/codebehind/loadGaesteStatistik.php,raw/20260815T151433+0200_898095ace749.html
2026-08-15T15:14:33+02:00,2026-08-19,294,256,81,3574,898095ace7498bce76db3d95160a33ec98faf177f87a803b094b41a5b5a6e917,https://www.spiekeroog.de/buchung/file/codebehind/loadGaesteStatistik.php,raw/20260815T151433+0200_898095ace749.html
2026-08-15T15:14:33+02:00,2026-08-20,295,328,98,3623,898095ace7498bce76db3d95160a33ec98faf177f87a803b094b41a5b5a6e917,https://www.spiekeroog.de/buchung/file/codebehind/loadGaesteStatistik.php,raw/20260815T151433+0200_898095ace749.html
2026-08-15T15:14:33+02:00,2026-08-21,469,657,108,3772,898095ace7498bce76db3d95160a33ec98faf177f87a803b094b41a5b5a6e917,https://www.spiekeroog.de/buchung/file/codebehind/loadGaesteStatistik.php,raw/20260815T151433+0200_898095ace749.html
2026-08-15T15:14:33+02:00,2026-08-22,514,805,126,3627,898095ace7498bce76db3d95160a33ec98faf177f87a803b094b41a5b5a6e917,https://www.spiekeroog.de/buchung/file/codebehind/loadGaesteStatistik.php,raw/20260815T151433+0200_898095ace749.html
2026-08-16T06:49:11+02:00,2026-08-15,1116,1297,441,4305,bb99c9f8fbf05a9fda89ab3ed0e06889a8d652f1fffa9d003ab71c1ee6beb45b,https://www.spiekeroog.de/buchung/file/codebehind/loadGaesteStatistik.php,raw/20260816T064911+0200_bb99c9f8fbf0.html
2026-08-16T06:49:11+02:00,2026-08-16,1047,999,301,4054,bb99c9f8fbf05a9fda89ab3ed0e06889a8d652f1fffa9d003ab71c1ee6beb45b,https://www.spiekeroog.de/buchung/file/codebehind/loadGaesteStatistik.php,raw/20260816T064911+0200_bb99c9f8fbf0.html
2026-08-16T06:49:11+02:00,2026-08-17,728,558,239,3819,bb99c9f8fbf05a9fda89ab3ed0e06889a8d652f1fffa9d003ab71c1ee6beb45b,https://www.spiekeroog.de/buchung/file/codebehind/loadGaesteStatistik.php,raw/20260816T064911+0200_bb99c9f8fbf0.html
2026-08-16T06:49:11+02:00,2026-08-18,286,281,96,3575,bb99c9f8fbf05a9fda89ab3ed0e06889a8d652f1fffa9d003ab71c1ee6beb45b,https://www.spiekeroog.de/buchung/file/codebehind/loadGaesteStatistik.php,raw/20260816T064911+0200_bb99c9f8fbf0.html
2026-08-16T06:49:11+02:00,2026-08-19,304,259,81,3594,bb99c9f8fbf05a9fda89ab3ed0e06889a8d652f1fffa9d003ab71c1ee6beb45b,https://www.spiekeroog.de/buchung/file/codebehind/loadGaesteStatistik.php,raw/20260816T064911+0200_bb99c9f8fbf0.html
2026-08-16T06:49:11+02:00,2026-08-20,300,329,98,3645,bb99c9f8fbf05a9fda89ab3ed0e06889a8d652f1fffa9d003ab71c1ee6beb45b,https://www.spiekeroog.de/buchung/file/codebehind/loadGaesteStatistik.php,raw/20260816T064911+0200_bb99c9f8fbf0.html
2026-08-16T06:49:11+02:00,2026-08-21,471,659,108,3795,bb99c9f8fbf05a9fda89ab3ed0e06889a8d652f1fffa9d003ab71c1ee6beb45b,https://www.spiekeroog.de/buchung/file/codebehind/loadGaesteStatistik.php,raw/20260816T064911+0200_bb99c9f8fbf0.html
2026-08-16T06:49:11+02:00,2026-08-22,526,818,134,3660,bb99c9f8fbf05a9fda89ab3ed0e06889a8d652f1fffa9d003ab71c1ee6beb45b,https://www.spiekeroog.de/buchung/file/codebehind/loadGaesteStatistik.php,raw/20260816T064911+0200_bb99c9f8fbf0.html
2026-08-16T06:49:11+02:00,2026-08-23,796,1076,258,3630,bb99c9f8fbf05a9fda89ab3ed0e06889a8d652f1fffa9d003ab71c1ee6beb45b,https://www.spiekeroog.de/buchung/file/codebehind/loadGaesteStatistik.php,raw/20260816T064911+0200_bb99c9f8fbf0.html
2026-08-17T06:57:19+02:00,2026-08-16,1214,1144,437,4200,b358512bac705b67d1504a4e4cb235a99d3f23ca115f75ac7d71665370960c0d,https://www.spiekeroog.de/buchung/file/codebehind/loadGaesteStatistik.php,raw/20260817T065719+0200_b358512bac70.html
2026-08-17T06:57:19+02:00,2026-08-17,826,639,309,3920,b358512bac705b67d1504a4e4cb235a99d3f23ca115f75ac7d71665370960c0d,https://www.spiekeroog.de/buchung/file/codebehind/loadGaesteStatistik.php,raw/20260817T065719+0200_b358512bac70.html
2026-08-17T06:57:19+02:00,2026-08-18,299,302,103,3610,b358512bac705b67d1504a4e4cb235a99d3f23ca115f75ac7d71665370960c0d,https://www.spiekeroog.de/buchung/file/codebehind/loadGaesteStatistik.php,raw/20260817T065719+0200_b358512bac70.html
2026-08-17T06:57:19+02:00,2026-08-19,300,264,73,3614,b358512bac705b67d1504a4e4cb235a99d3f23ca115f75ac7d71665370960c0d,https://www.spiekeroog.de/buchung/file/codebehind/loadGaesteStatistik.php,raw/20260817T065719+0200_b358512bac70.html
2026-08-17T06:57:19+02:00,2026-08-20,346,375,140,3706,b358512bac705b67d1504a4e4cb235a99d3f23ca115f75ac7d71665370960c0d,https://www.spiekeroog.de/buchung/file/codebehind/loadGaesteStatistik.php,raw/20260817T065719+0200_b358512bac70.html
2026-08-17T06:57:19+02:00,2026-08-21,489,668,118,3830,b358512bac705b67d1504a4e4cb235a99d3f23ca115f75ac7d71665370960c0d,https://www.spiekeroog.de/buchung/file/codebehind/loadGaesteStatistik.php,raw/20260817T065719+0200_b358512bac70.html
2026-08-17T06:57:19+02:00,2026-08-22,550,835,141,3710,b358512bac705b67d1504a4e4cb235a99d3f23ca115f75ac7d71665370960c0d,https://www.spiekeroog.de/buchung/file/codebehind/loadGaesteStatistik.php,raw/20260817T065719+0200_b358512bac70.html
2026-08-17T06:57:19+02:00,2026-08-23,810,1096,268,3677,b358512bac705b67d1504a4e4cb235a99d3f23ca115f75ac7d71665370960c0d,https://www.spiekeroog.de/buchung/file/codebehind/loadGaesteStatistik.php,raw/20260817T065719+0200_b358512bac70.html
2026-08-17T06:57:19+02:00,2026-08-24,554,334,59,3144,b358512bac705b67d1504a4e4cb235a99d3f23ca115f75ac7d71665370960c0d,https://www.spiekeroog.de/buchung/file/codebehind/loadGaesteStatistik.php,raw/20260817T065719+0200_b358512bac70.html
2026-08-18T06:50:06+02:00,2026-08-17,954,677,408,3957,c4afece5ac3e3bf41dbe4c9471f81bdbbf027367a64b5ed07abc335a2a1d9bef,https://www.spiekeroog.de/buchung/file/codebehind/loadGaesteStatistik.php,raw/20260818T065006+0200_c4afece5ac3e.html
2026-08-18T06:50:06+02:00,2026-08-18,342,344,127,3656,c4afece5ac3e3bf41dbe4c9471f81bdbbf027367a64b5ed07abc335a2a1d9bef,https://www.spiekeroog.de/buchung/file/codebehind/loadGaesteStatistik.php,raw/20260818T065006+0200_c4afece5ac3e.html
2026-08-18T06:50:06+02:00,2026-08-19,326,295,91,3651,c4afece5ac3e3bf41dbe4c9471f81bdbbf027367a64b5ed07abc335a2a1d9bef,https://www.spiekeroog.de/buchung/file/codebehind/loadGaesteStatistik.php,raw/20260818T065006+0200_c4afece5ac3e.html
2026-08-18T06:50:06+02:00,2026-08-20,373,404,162,3744,c4afece5ac3e3bf41dbe4c9471f81bdbbf027367a64b5ed07abc335a2a1d9bef,https://www.spiekeroog.de/buchung/file/codebehind/loadGaesteStatistik.php,raw/20260818T065006+0200_c4afece5ac3e.html
2026-08-18T06:50:06+02:00,2026-08-21,510,704,128,3864,c4afece5ac3e3bf41dbe4c9471f81bdbbf027367a64b5ed07abc335a2a1d9bef,https://www.spiekeroog.de/buchung/file/codebehind/loadGaesteStatistik.php,raw/20260818T065006+0200_c4afece5ac3e.html
2026-08-18T06:50:06+02:00,2026-08-22,596,873,172,3755,c4afece5ac3e3bf41dbe4c9471f81bdbbf027367a64b5ed07abc335a2a1d9bef,https://www.spiekeroog.de/buchung/file/codebehind/loadGaesteStatistik.php,raw/20260818T065006+0200_c4afece5ac3e.html
2026-08-18T06:50:06+02:00,2026-08-23,827,1130,280,3703,c4afece5ac3e3bf41dbe4c9471f81bdbbf027367a64b5ed07abc335a2a1d9bef,https://www.spiekeroog.de/buchung/file/codebehind/loadGaesteStatistik.php,raw/20260818T065006+0200_c4afece5ac3e.html
2026-08-18T06:50:06+02:00,2026-08-24,566,335,64,3157,c4afece5ac3e3bf41dbe4c9471f81bdbbf027367a64b5ed07abc335a2a1d9bef,https://www.spiekeroog.de/buchung/file/codebehind/loadGaesteStatistik.php,raw/20260818T065006+0200_c4afece5ac3e.html
2026-08-18T06:50:06+02:00,2026-08-25,202,246,92,3031,c4afece5ac3e3bf41dbe4c9471f81bdbbf027367a64b5ed07abc335a2a1d9bef,https://www.spiekeroog.de/buchung/file/codebehind/loadGaesteStatistik.php,raw/20260818T065006+0200_c4afece5ac3e.html
2026-08-19T06:50:25+02:00,2026-08-18,422,429,190,3718,ff72c24bbbf4b2b4b5cc8f405e374b29b8c51c6133820816acae5e95aa7dd306,https://www.spiekeroog.de/buchung/file/codebehind/loadGaesteStatistik.php,raw/20260819T065025+0200_ff72c24bbbf4.html
2026-08-19T06:50:25+02:00,2026-08-19,437,398,192,3751,ff72c24bbbf4b2b4b5cc8f405e374b29b8c51c6133820816acae5e95aa7dd306,https://www.spiekeroog.de/buchung/file/codebehind/loadGaesteStatistik.php,raw/20260819T065025+0200_ff72c24bbbf4.html
2026-08-19T06:50:25+02:00,2026-08-20,417,458,193,3791,ff72c24bbbf4b2b4b5cc8f405e374b29b8c51c6133820816acae5e95aa7dd306,https://www.spiekeroog.de/buchung/file/codebehind/loadGaesteStatistik.php,raw/20260819T065025+0200_ff72c24bbbf4.html
2026-08-19T06:50:25+02:00,2026-08-21,539,729,142,3892,ff72c24bbbf4b2b4b5cc8f405e374b29b8c51c6133820816acae5e95aa7dd306,https://www.spiekeroog.de/buchung/file/codebehind/loadGaesteStatistik.php,raw/20260819T065025+0200_ff72c24bbbf4.html
2026-08-19T06:50:25+02:00,2026-08-22,664,917,218,3827,ff72c24bbbf4b2b4b5cc8f405e374b29b8c51c6133820816acae5e95aa7dd306,https://www.spiekeroog.de/buchung/file/codebehind/loadGaesteStatistik.php,raw/20260819T065025+0200_ff72c24bbbf4.html
2026-08-19T06:50:25+02:00,2026-08-23,843,1172,296,3753,ff72c24bbbf4b2b4b5cc8f405e374b29b8c51c6133820816acae5e95aa7dd306,https://www.spiekeroog.de/buchung/file/codebehind/loadGaesteStatistik.php,raw/20260819T065025+0200_ff72c24bbbf4.html
2026-08-19T06:50:25+02:00,2026-08-24,589,354,73,3198,ff72c24bbbf4b2b4b5cc8f405e374b29b8c51c6133820816acae5e95aa7dd306,https://www.spiekeroog.de/buchung/file/codebehind/loadGaesteStatistik.php,raw/20260819T065025+0200_ff72c24bbbf4.html
2026-08-19T06:50:25+02:00,2026-08-25,219,262,106,3072,ff72c24bbbf4b2b4b5cc8f405e374b29b8c51c6133820816acae5e95aa7dd306,https://www.spiekeroog.de/buchung/file/codebehind/loadGaesteStatistik.php,raw/20260819T065025+0200_ff72c24bbbf4.html
2026-08-19T06:50:25+02:00,2026-08-26,268,362,154,3080,ff72c24bbbf4b2b4b5cc8f405e374b29b8c51c6133820816acae5e95aa7dd306,https://www.spiekeroog.de/buchung/file/codebehind/loadGaesteStatistik.php,raw/20260819T065025+0200_ff72c24bbbf4.html
2026-08-20T06:51:27+02:00,2026-08-19,551,518,284,3853,36246ff8644fef98b888f4bdc4561443db41f6a55b8e7f50eb15961d6216c437,https://www.spiekeroog.de/buchung/file/codebehind/loadGaesteStatistik.php,raw/20260820T065127+0200_36246ff8644f.html
2026-08-20T06:51:27+02:00,2026-08-20,523,544,269,3869,36246ff8644fef98b888f4bdc4561443db41f6a55b8e7f50eb15961d6216c437,https://www.spiekeroog.de/buchung/file/codebehind/loadGaesteStatistik.php,raw/20260820T065127+0200_36246ff8644f.html
2026-08-20T06:51:27+02:00,2026-08-21,587,758,168,3937,36246ff8644fef98b888f4bdc4561443db41f6a55b8e7f50eb15961d6216c437,https://www.spiekeroog.de/buchung/file/codebehind/loadGaesteStatistik.php,raw/20260820T065127+0200_36246ff8644f.html
2026-08-20T06:51:27+02:00,2026-08-22,716,968,257,3903,36246ff8644fef98b888f4bdc4561443db41f6a55b8e7f50eb15961d6216c437,https://www.spiekeroog.de/buchung/file/codebehind/loadGaesteStatistik.php,raw/20260820T065127+0200_36246ff8644f.html
2026-08-20T06:51:27+02:00,2026-08-23,874,1216,321,3821,36246ff8644fef98b888f4bdc4561443db41f6a55b8e7f50eb15961d6216c437,https://www.spiekeroog.de/buchung/file/codebehind/loadGaesteStatistik.php,raw/20260820T065127+0200_36246ff8644f.html
2026-08-20T06:51:27+02:00,2026-08-24,624,383,92,3254,36246ff8644fef98b888f4bdc4561443db41f6a55b8e7f50eb15961d6216c437,https://www.spiekeroog.de/buchung/file/codebehind/loadGaesteStatistik.php,raw/20260820T065127+0200_36246ff8644f.html
2026-08-20T06:51:27+02:00,2026-08-25,235,278,114,3116,36246ff8644fef98b888f4bdc4561443db41f6a55b8e7f50eb15961d6216c437,https://www.spiekeroog.de/buchung/file/codebehind/loadGaesteStatistik.php,raw/20260820T065127+0200_36246ff8644f.html
2026-08-20T06:51:27+02:00,2026-08-26,278,371,159,3119,36246ff8644fef98b888f4bdc4561443db41f6a55b8e7f50eb15961d6216c437,https://www.spiekeroog.de/buchung/file/codebehind/loadGaesteStatistik.php,raw/20260820T065127+0200_36246ff8644f.html
2026-08-20T06:51:27+02:00,2026-08-27,194,244,39,2944,36246ff8644fef98b888f4bdc4561443db41f6a55b8e7f50eb15961d6216c437,https://www.spiekeroog.de/buchung/file/codebehind/loadGaesteStatistik.php,raw/20260820T065127+0200_36246ff8644f.html
2026-08-21T06:53:13+02:00,2026-08-20,603,634,337,3938,7909f464a1a8047f40aac2d527dd4cc9c35a52dfca3a5468dc4c335bb5740ba6,https://www.spiekeroog.de/buchung/file/codebehind/loadGaesteStatistik.php,raw/20260821T065313+0200_7909f464a1a8.html
2026-08-21T06:53:13+02:00,2026-08-21,711,887,273,4054,7909f464a1a8047f40aac2d527dd4cc9c35a52dfca3a5468dc4c335bb5740ba6,https://www.spiekeroog.de/buchung/file/codebehind/loadGaesteStatistik.php,raw/20260821T065313+0200_7909f464a1a8.html
2026-08-21T06:53:13+02:00,2026-08-22,764,991,283,3942,7909f464a1a8047f40aac2d527dd4cc9c35a52dfca3a5468dc4c335bb5740ba6,https://www.spiekeroog.de/buchung/file/codebehind/loadGaesteStatistik.php,raw/20260821T065313+0200_7909f464a1a8.html
2026-08-21T06:53:13+02:00,2026-08-23,934,1270,367,3913,7909f464a1a8047f40aac2d527dd4cc9c35a52dfca3a5468dc4c335bb5740ba6,https://www.spiekeroog.de/buchung/file/codebehind/loadGaesteStatistik.php,raw/20260821T065313+0200_7909f464a1a8.html
2026-08-21T06:53:13+02:00,2026-08-24,642,401,99,3308,7909f464a1a8047f40aac2d527dd4cc9c35a52dfca3a5468dc4c335bb5740ba6,https://www.spiekeroog.de/buchung/file/codebehind/loadGaesteStatistik.php,raw/20260821T065313+0200_7909f464a1a8.html
2026-08-21T06:53:13+02:00,2026-08-25,297,341,170,3213,7909f464a1a8047f40aac2d527dd4cc9c35a52dfca3a5468dc4c335bb5740ba6,https://www.spiekeroog.de/buchung/file/codebehind/loadGaesteStatistik.php,raw/20260821T065313+0200_7909f464a1a8.html
2026-08-21T06:53:13+02:00,2026-08-26,289,381,161,3168,7909f464a1a8047f40aac2d527dd4cc9c35a52dfca3a5468dc4c335bb5740ba6,https://www.spiekeroog.de/buchung/file/codebehind/loadGaesteStatistik.php,raw/20260821T065313+0200_7909f464a1a8.html
2026-08-21T06:53:13+02:00,2026-08-27,199,246,39,2989,7909f464a1a8047f40aac2d527dd4cc9c35a52dfca3a5468dc4c335bb5740ba6,https://www.spiekeroog.de/buchung/file/codebehind/loadGaesteStatistik.php,raw/20260821T065313+0200_7909f464a1a8.html
2026-08-21T06:53:13+02:00,2026-08-28,459,640,175,3204,7909f464a1a8047f40aac2d527dd4cc9c35a52dfca3a5468dc4c335bb5740ba6,https://www.spiekeroog.de/buchung/file/codebehind/loadGaesteStatistik.php,raw/20260821T065313+0200_7909f464a1a8.html
2026-08-22T06:47:58+02:00,2026-08-21,827,992,353,4151,e31719b977e8c9912b7abf68dad0982b24f4e0f55d84f70c87bb76599481e455,https://www.spiekeroog.de/buchung/file/codebehind/loadGaesteStatistik.php,raw/20260822T064758+0200_e31719b977e8.html
2026-08-22T06:47:58+02:00,2026-08-22,857,1082,362,4044,e31719b977e8c9912b7abf68dad0982b24f4e0f55d84f70c87bb76599481e455,https://www.spiekeroog.de/buchung/file/codebehind/loadGaesteStatistik.php,raw/20260822T064758+0200_e31719b977e8.html
2026-08-22T06:47:58+02:00,2026-08-23,983,1319,398,3985,e31719b977e8c9912b7abf68dad0982b24f4e0f55d84f70c87bb76599481e455,https://www.spiekeroog.de/buchung/file/codebehind/loadGaesteStatistik.php,raw/20260822T064758+0200_e31719b977e8.html
2026-08-22T06:47:58+02:00,2026-08-24,699,448,141,3389,e31719b977e8c9912b7abf68dad0982b24f4e0f55d84f70c87bb76599481e455,https://www.spiekeroog.de/buchung/file/codebehind/loadGaesteStatistik.php,raw/20260822T064758+0200_e31719b977e8.html
2026-08-22T06:47:58+02:00,2026-08-25,349,399,219,3299,e31719b977e8c9912b7abf68dad0982b24f4e0f55d84f70c87bb76599481e455,https://www.spiekeroog.de/buchung/file/codebehind/loadGaesteStatistik.php,raw/20260822T064758+0200_e31719b977e8.html
2026-08-22T06:47:58+02:00,2026-08-26,324,409,190,3237,e31719b977e8c9912b7abf68dad0982b24f4e0f55d84f70c87bb76599481e455,https://www.spiekeroog.de/buchung/file/codebehind/loadGaesteStatistik.php,raw/20260822T064758+0200_e31719b977e8.html
2026-08-22T06:47:58+02:00,2026-08-27,213,262,39,3041,e31719b977e8c9912b7abf68dad0982b24f4e0f55d84f70c87bb76599481e455,https://www.spiekeroog.de/buchung/file/codebehind/loadGaesteStatistik.php,raw/20260822T064758+0200_e31719b977e8.html
2026-08-22T06:47:58+02:00,2026-08-28,467,647,179,3248,e31719b977e8c9912b7abf68dad0982b24f4e0f55d84f70c87bb76599481e455,https://www.spiekeroog.de/buchung/file/codebehind/loadGaesteStatistik.php,raw/20260822T064758+0200_e31719b977e8.html
2026-08-22T06:47:58+02:00,2026-08-29,429,688,29,3033,e31719b977e8c9912b7abf68dad0982b24f4e0f55d84f70c87bb76599481e455,https://www.spiekeroog.de/buchung/file/codebehind/loadGaesteStatistik.php,raw/20260822T064758+0200_e31719b977e8.html
2026-08-23T06:51:03+02:00,2026-08-22,899,1100,374,4068,cd6699081996a97b6db79bf246a22d0eb41c7299d9b299afb615f82854838397,https://www.spiekeroog.de/buchung/file/codebehind/loadGaesteStatistik.php,raw/20260823T065103+0200_cd6699081996.html
2026-08-23T06:51:03+02:00,2026-08-23,1046,1366,428,4046,cd6699081996a97b6db79bf246a22d0eb41c7299d9b299afb615f82854838397,https://www.spiekeroog.de/buchung/file/codebehind/loadGaesteStatistik.php,raw/20260823T065103+0200_cd6699081996.html
2026-08-23T06:51:03+02:00,2026-08-24,740,490,172,3446,cd6699081996a97b6db79bf246a22d0eb41c7299d9b299afb615f82854838397,https://www.spiekeroog.de/buchung/file/codebehind/loadGaesteStatistik.php,raw/20260823T065103+0200_cd6699081996.html
2026-08-23T06:51:03+02:00,2026-08-25,410,452,271,3375,cd6699081996a97b6db79bf246a22d0eb41c7299d9b299afb615f82854838397,https://www.spiekeroog.de/buchung/file/codebehind/loadGaesteStatistik.php,raw/20260823T065103+0200_cd6699081996.html
2026-08-23T06:51:03+02:00,2026-08-26,363,446,224,3297,cd6699081996a97b6db79bf246a22d0eb41c7299d9b299afb615f82854838397,https://www.spiekeroog.de/buchung/file/codebehind/loadGaesteStatistik.php,raw/20260823T065103+0200_cd6699081996.html
2026-08-23T06:51:03+02:00,2026-08-27,225,279,44,3077,cd6699081996a97b6db79bf246a22d0eb41c7299d9b299afb615f82854838397,https://www.spiekeroog.de/buchung/file/codebehind/loadGaesteStatistik.php,raw/20260823T065103+0200_cd6699081996.html
2026-08-23T06:51:03+02:00,2026-08-28,477,652,183,3279,cd6699081996a97b6db79bf246a22d0eb41c7299d9b299afb615f82854838397,https://www.spiekeroog.de/buchung/file/codebehind/loadGaesteStatistik.php,raw/20260823T065103+0200_cd6699081996.html
2026-08-23T06:51:03+02:00,2026-08-29,447,688,29,3077,cd6699081996a97b6db79bf246a22d0eb41c7299d9b299afb615f82854838397,https://www.spiekeroog.de/buchung/file/codebehind/loadGaesteStatistik.php,raw/20260823T065103+0200_cd6699081996.html
2026-08-23T06:51:03+02:00,2026-08-30,457,719,75,2856,cd6699081996a97b6db79bf246a22d0eb41c7299d9b299afb615f82854838397,https://www.spiekeroog.de/buchung/file/codebehind/loadGaesteStatistik.php,raw/20260823T065103+0200_cd6699081996.html
2026-08-24T07:00:17+02:00,2026-08-23,1097,1401,441,4088,3a89b23e499e1dc724b088d1a65d5a811f5fa4ccdad84d3db4ef4c6201d90ef2,https://www.spiekeroog.de/buchung/file/codebehind/loadGaesteStatistik.php,raw/20260824T070017+0200_3a89b23e499e.html
2026-08-24T07:00:17+02:00,2026-08-24,865,614,281,3597,3a89b23e499e1dc724b088d1a65d5a811f5fa4ccdad84d3db4ef4c6201d90ef2,https://www.spiekeroog.de/buchung/file/codebehind/loadGaesteStatistik.php,raw/20260824T070017+0200_3a89b23e499e.html
2026-08-24T07:00:17+02:00,2026-08-25,572,617,428,3569,3a89b23e499e1dc724b088d1a65d5a811f5fa4ccdad84d3db4ef4c6201d90ef2,https://www.spiekeroog.de/buchung/file/codebehind/loadGaesteStatistik.php,raw/20260824T070017+0200_3a89b23e499e.html
2026-08-24T07:00:17+02:00,2026-08-26,414,509,275,3382,3a89b23e499e1dc724b088d1a65d5a811f5fa4ccdad84d3db4ef4c6201d90ef2,https://www.spiekeroog.de/buchung/file/codebehind/loadGaesteStatistik.php,raw/20260824T070017+0200_3a89b23e499e.html
2026-08-24T07:00:17+02:00,2026-08-27,236,289,48,3119,3a89b23e499e1dc724b088d1a65d5a811f5fa4ccdad84d3db4ef4c6201d90ef2,https://www.spiekeroog.de/buchung/file/codebehind/loadGaesteStatistik.php,raw/20260824T070017+0200_3a89b23e499e.html
2026-08-24T07:00:17+02:00,2026-08-28,494,666,198,3328,3a89b23e499e1dc724b088d1a65d5a811f5fa4ccdad84d3db4ef4c6201d90ef2,https://www.spiekeroog.de/buchung/file/codebehind/loadGaesteStatistik.php,raw/20260824T070017+0200_3a89b23e499e.html
2026-08-24T07:00:17+02:00,2026-08-29,467,701,29,3132,3a89b23e499e1dc724b088d1a65d5a811f5fa4ccdad84d3db4ef4c6201d90ef2,https://www.spiekeroog.de/buchung/file/codebehind/loadGaesteStatistik.php,raw/20260824T070017+0200_3a89b23e499e.html
2026-08-24T07:00:17+02:00,2026-08-30,466,727,75,2907,3a89b23e499e1dc724b088d1a65d5a811f5fa4ccdad84d3db4ef4c6201d90ef2,https://www.spiekeroog.de/buchung/file/codebehind/loadGaesteStatistik.php,raw/20260824T070017+0200_3a89b23e499e.html
2026-08-24T07:00:17+02:00,2026-08-31,450,443,38,2614,3a89b23e499e1dc724b088d1a65d5a811f5fa4ccdad84d3db4ef4c6201d90ef2,https://www.spiekeroog.de/buchung/file/codebehind/loadGaesteStatistik.php,raw/20260824T070017+0200_3a89b23e499e.html
2026-08-25T06:52:37+02:00,2026-08-24,940,672,323,3655,ff27eccb97bc0831782cd9526f6725142cec28656c81d101f8eb142d42f5bdb2,https://www.spiekeroog.de/buchung/file/codebehind/loadGaesteStatistik.php,raw/20260825T065237+0200_ff27eccb97bc.html
2026-08-25T06:52:37+02:00,2026-08-25,815,861,647,3813,ff27eccb97bc0831782cd9526f6725142cec28656c81d101f8eb142d42f5bdb2,https://www.spiekeroog.de/buchung/file/codebehind/loadGaesteStatistik.php,raw/20260825T065237+0200_ff27eccb97bc.html
2026-08-25T06:52:37+02:00,2026-08-26,536,636,387,3513,ff27eccb97bc0831782cd9526f6725142cec28656c81d101f8eb142d42f5bdb2,https://www.spiekeroog.de/buchung/file/codebehind/loadGaesteStatistik.php,raw/20260825T065237+0200_ff27eccb97bc.html
2026-08-25T06:52:37+02:00,2026-08-27,282,328,73,3171,ff27eccb97bc0831782cd9526f6725142cec28656c81d101f8eb142d42f5bdb2,https://www.spiekeroog.de/buchung/file/codebehind/loadGaesteStatistik.php,raw/20260825T065237+0200_ff27eccb97bc.html
2026-08-25T06:52:37+02:00,2026-08-28,518,697,212,3369,ff27eccb97bc0831782cd9526f6725142cec28656c81d101f8eb142d42f5bdb2,https://www.spiekeroog.de/buchung/file/codebehind/loadGaesteStatistik.php,raw/20260825T065237+0200_ff27eccb97bc.html
2026-08-25T06:52:37+02:00,2026-08-29,478,705,31,3159,ff27eccb97bc0831782cd9526f6725142cec28656c81d101f8eb142d42f5bdb2,https://www.spiekeroog.de/buchung/file/codebehind/loadGaesteStatistik.php,raw/20260825T065237+0200_ff27eccb97bc.html
2026-08-25T06:52:37+02:00,2026-08-30,480,733,75,2945,ff27eccb97bc0831782cd9526f6725142cec28656c81d101f8eb142d42f5bdb2,https://www.spiekeroog.de/buchung/file/codebehind/loadGaesteStatistik.php,raw/20260825T065237+0200_ff27eccb97bc.html
2026-08-25T06:52:37+02:00,2026-08-31,457,455,40,2657,ff27eccb97bc0831782cd9526f6725142cec28656c81d101f8eb142d42f5bdb2,https://www.spiekeroog.de/buchung/file/codebehind/loadGaesteStatistik.php,raw/20260825T065237+0200_ff27eccb97bc.html
2026-08-25T06:52:37+02:00,2026-09-01,310,268,114,2523,ff27eccb97bc0831782cd9526f6725142cec28656c81d101f8eb142d42f5bdb2,https://www.spiekeroog.de/buchung/file/codebehind/loadGaesteStatistik.php,raw/20260825T065237+0200_ff27eccb97bc.html
2026-08-26T06:54:28+02:00,2026-08-25,874,920,703,3871,0b6dea5d81f5a7c0b501ac6b58ad9d649cd7974b7764cdfbf9d41826cbecc655,https://www.spiekeroog.de/buchung/file/codebehind/loadGaesteStatistik.php,raw/20260826T065428+0200_0b6dea5d81f5.html
2026-08-26T06:54:28+02:00,2026-08-26,721,809,556,3694,0b6dea5d81f5a7c0b501ac6b58ad9d649cd7974b7764cdfbf9d41826cbecc655,https://www.spiekeroog.de/buchung/file/codebehind/loadGaesteStatistik.php,raw/20260826T065428+0200_0b6dea5d81f5.html
2026-08-26T06:54:28+02:00,2026-08-27,325,383,108,3226,0b6dea5d81f5a7c0b501ac6b58ad9d649cd7974b7764cdfbf9d41826cbecc655,https://www.spiekeroog.de/buchung/file/codebehind/loadGaesteStatistik.php,raw/20260826T065428+0200_0b6dea5d81f5.html
2026-08-26T06:54:28+02:00,2026-08-28,541,718,228,3400,0b6dea5d81f5a7c0b501ac6b58ad9d649cd7974b7764cdfbf9d41826cbecc655,https://www.spiekeroog.de/buchung/file/codebehind/loadGaesteStatistik.php,raw/20260826T065428+0200_0b6dea5d81f5.html
2026-08-26T06:54:28+02:00,2026-08-29,524,733,53,3218,0b6dea5d81f5a7c0b501ac6b58ad9d649cd7974b7764cdfbf9d41826cbecc655,https://www.spiekeroog.de/buchung/file/codebehind/loadGaesteStatistik.php,raw/20260826T065428+0200_0b6dea5d81f5.html
2026-08-26T06:54:28+02:00,2026-08-30,490,755,81,2991,0b6dea5d81f5a7c0b501ac6b58ad9d649cd7974b7764cdfbf9d41826cbecc655,https://www.spiekeroog.de/buchung/file/codebehind/loadGaesteStatistik.php,raw/20260826T065428+0200_0b6dea5d81f5.html
2026-08-26T06:54:28+02:00,2026-08-31,462,467,41,2689,0b6dea5d81f5a7c0b501ac6b58ad9d649cd7974b7764cdfbf9d41826cbecc655,https://www.spiekeroog.de/buchung/file/codebehind/loadGaesteStatistik.php,raw/20260826T065428+0200_0b6dea5d81f5.html
2026-08-26T06:54:28+02:00,2026-09-01,324,275,119,2560,0b6dea5d81f5a7c0b501ac6b58ad9d649cd7974b7764cdfbf9d41826cbecc655,https://www.spiekeroog.de/buchung/file/codebehind/loadGaesteStatistik.php,raw/20260826T065428+0200_0b6dea5d81f5.html
2026-08-26T06:54:28+02:00,2026-09-02,196,206,50,2477,0b6dea5d81f5a7c0b501ac6b58ad9d649cd7974b7764cdfbf9d41826cbecc655,https://www.spiekeroog.de/buchung/file/codebehind/loadGaesteStatistik.php,raw/20260826T065428+0200_0b6dea5d81f5.html
2026-08-27T17:13:56+02:00,2026-08-26,767,851,586,3731,0dcafa29e146fb3ecdf9b4725add910301cb60e17344d842b6fb12c2c6618d40,https://www.spiekeroog.de/buchung/file/codebehind/loadGaesteStatistik.php,raw/20260827T171356+0200_0dcafa29e146.html
2026-08-27T17:13:56+02:00,2026-08-27,493,553,249,3390,0dcafa29e146fb3ecdf9b4725add910301cb60e17344d842b6fb12c2c6618d40,https://www.spiekeroog.de/buchung/file/codebehind/loadGaesteStatistik.php,raw/20260827T171356+0200_0dcafa29e146.html
2026-08-27T17:13:56+02:00,2026-08-28,623,794,261,3499,0dcafa29e146fb3ecdf9b4725add910301cb60e17344d842b6fb12c2c6618d40,https://www.spiekeroog.de/buchung/file/codebehind/loadGaesteStatistik.php,raw/20260827T171356+0200_0dcafa29e146.html
2026-08-27T17:13:56+02:00,2026-08-29,564,766,67,3294,0dcafa29e146fb3ecdf9b4725add910301cb60e17344d842b6fb12c2c6618d40,https://www.spiekeroog.de/buchung/file/codebehind/loadGaesteStatistik.php,raw/20260827T171356+0200_0dcafa29e146.html
2026-08-27T17:13:56+02:00,2026-08-30,533,799,101,3089,0dcafa29e146fb3ecdf9b4725add910301cb60e17344d842b6fb12c2c6618d40,https://www.spiekeroog.de/buchung/file/codebehind/loadGaesteStatistik.php,raw/20260827T171356+0200_0dcafa29e146.html
2026-08-27T17:13:56+02:00,2026-08-31,478,485,41,2766,0dcafa29e146fb3ecdf9b4725add910301cb60e17344d842b6fb12c2c6618d40,https://www.spiekeroog.de/buchung/file/codebehind/loadGaesteStatistik.php,raw/20260827T171356+0200_0dcafa29e146.html
2026-08-27T17:13:56+02:00,2026-09-01,381,325,163,2677,0dcafa29e146fb3ecdf9b4725add910301cb60e17344d842b6fb12c2c6618d40,https://www.spiekeroog.de/buchung/file/codebehind/loadGaesteStatistik.php,raw/20260827T171356+0200_0dcafa29e146.html
2026-08-27T17:13:56+02:00,2026-09-02,205,219,51,2553,0dcafa29e146fb3ecdf9b4725add910301cb60e17344d842b6fb12c2c6618d40,https://www.spiekeroog.de/buchung/file/codebehind/loadGaesteStatistik.php,raw/20260827T171356+0200_0dcafa29e146.html
2026-08-27T17:13:56+02:00,2026-09-03,244,292,82,2568,0dcafa29e146fb3ecdf9b4725add910301cb60e17344d842b6fb12c2c6618d40,https://www.spiekeroog.de/buchung/file/codebehind/loadGaesteStatistik.php,raw/20260827T171356+0200_0dcafa29e146.html
2026-08-28T18:36:47+02:00,2026-08-27,493,553,249,3390,f4f00f86571117958fba4cdab5e2b4c035579a7e6814b6540086cddb12eeeccf,https://www.spiekeroog.de/buchung/file/codebehind/loadGaesteStatistik.php,raw/20260828T183647+0200_f4f00f865711.html
2026-08-28T18:36:47+02:00,2026-08-28,709,872,308,3564,f4f00f86571117958fba4cdab5e2b4c035579a7e6814b6540086cddb12eeeccf,https://www.spiekeroog.de/buchung/file/codebehind/loadGaesteStatistik.php,raw/20260828T183647+0200_f4f00f865711.html
2026-08-28T18:36:47+02:00,2026-08-29,666,844,138,3384,f4f00f86571117958fba4cdab5e2b4c035579a7e6814b6540086cddb12eeeccf,https://www.spiekeroog.de/buchung/file/codebehind/loadGaesteStatistik.php,raw/20260828T183647+0200_f4f00f865711.html
2026-08-28T18:36:47+02:00,2026-08-30,556,840,118,3141,f4f00f86571117958fba4cdab5e2b4c035579a7e6814b6540086cddb12eeeccf,https://www.spiekeroog.de/buchung/file/codebehind/loadGaesteStatistik.php,raw/20260828T183647+0200_f4f00f865711.html
2026-08-28T18:36:47+02:00,2026-08-31,492,499,42,2802,f4f00f86571117958fba4cdab5e2b4c035579a7e6814b6540086cddb12eeeccf,https://www.spiekeroog.de/buchung/file/codebehind/loadGaesteStatistik.php,raw/20260828T183647+0200_f4f00f865711.html
2026-08-28T18:36:47+02:00,2026-09-01,399,341,169,2717,f4f00f86571117958fba4cdab5e2b4c035579a7e6814b6540086cddb12eeeccf,https://www.spiekeroog.de/buchung/file/codebehind/loadGaesteStatistik.php,raw/20260828T183647+0200_f4f00f865711.html
2026-08-28T18:36:47+02:00,2026-09-02,209,227,50,2580,f4f00f86571117958fba4cdab5e2b4c035579a7e6814b6540086cddb12eeeccf,https://www.spiekeroog.de/buchung/file/codebehind/loadGaesteStatistik.php,raw/20260828T183647+0200_f4f00f865711.html
2026-08-28T18:36:47+02:00,2026-09-03,249,303,83,2601,f4f00f86571117958fba4cdab5e2b4c035579a7e6814b6540086cddb12eeeccf,https://www.spiekeroog.de/buchung/file/codebehind/loadGaesteStatistik.php,raw/20260828T183647+0200_f4f00f865711.html
2026-08-28T18:36:47+02:00,2026-09-04,398,496,22,2735,f4f00f86571117958fba4cdab5e2b4c035579a7e6814b6540086cddb12eeeccf,https://www.spiekeroog.de/buchung/file/codebehind/loadGaesteStatistik.php,raw/20260828T183647+0200_f4f00f865711.html
2026-08-29T13:04:22+02:00,2026-08-28,708,872,308,3563,bb60863407ff0333d5b003f3e37116411c0d1e7b7b9337310f02083a8eb0f863,https://www.spiekeroog.de/buchung/file/codebehind/loadGaesteStatistik.php,raw/20260829T130422+0200_bb60863407ff.html
2026-08-29T13:04:22+02:00,2026-08-29,841,975,258,3542,bb60863407ff0333d5b003f3e37116411c0d1e7b7b9337310f02083a8eb0f863,https://www.spiekeroog.de/buchung/file/codebehind/loadGaesteStatistik.php,raw/20260829T130422+0200_bb60863407ff.html
2026-08-29T13:04:22+02:00,2026-08-30,594,921,139,3206,bb60863407ff0333d5b003f3e37116411c0d1e7b7b9337310f02083a8eb0f863,https://www.spiekeroog.de/buchung/file/codebehind/loadGaesteStatistik.php,raw/20260829T130422+0200_bb60863407ff.html
2026-08-29T13:04:22+02:00,2026-08-31,504,502,49,2845,bb60863407ff0333d5b003f3e37116411c0d1e7b7b9337310f02083a8eb0f863,https://www.spiekeroog.de/buchung/file/codebehind/loadGaesteStatistik.php,raw/20260829T130422+0200_bb60863407ff.html
2026-08-29T13:04:22+02:00,2026-09-01,404,349,170,2762,bb60863407ff0333d5b003f3e37116411c0d1e7b7b9337310f02083a8eb0f863,https://www.spiekeroog.de/buchung/file/codebehind/loadGaesteStatistik.php,raw/20260829T130422+0200_bb60863407ff.html
2026-08-29T13:04:22+02:00,2026-09-02,221,241,55,2632,bb60863407ff0333d5b003f3e37116411c0d1e7b7b9337310f02083a8eb0f863,https://www.spiekeroog.de/buchung/file/codebehind/loadGaesteStatistik.php,raw/20260829T130422+0200_bb60863407ff.html
2026-08-29T13:04:22+02:00,2026-09-03,258,318,84,2651,bb60863407ff0333d5b003f3e37116411c0d1e7b7b9337310f02083a8eb0f863,https://www.spiekeroog.de/buchung/file/codebehind/loadGaesteStatistik.php,raw/20260829T130422+0200_bb60863407ff.html
2026-08-29T13:04:22+02:00,2026-09-04,408,507,25,2787,bb60863407ff0333d5b003f3e37116411c0d1e7b7b9337310f02083a8eb0f863,https://www.spiekeroog.de/buchung/file/codebehind/loadGaesteStatistik.php,raw/20260829T130422+0200_bb60863407ff.html
2026-08-29T13:04:22+02:00,2026-09-05,319,670,59,2600,bb60863407ff0333d5b003f3e37116411c0d1e7b7b9337310f02083a8eb0f863,https://www.spiekeroog.de/buchung/file/codebehind/loadGaesteStatistik.php,raw/20260829T130422+0200_bb60863407ff.html
2026-08-30T11:55:45+02:00,2026-08-29,848,992,258,3544,632fc5dd2dd41a07d793ebfa86f57dce6d4bb735e0c641b1d065bfd586f60cbe,https://www.spiekeroog.de/buchung/file/codebehind/loadGaesteStatistik.php,raw/20260830T115545+0200_632fc5dd2dd4.html
2026-08-30T11:55:45+02:00,2026-08-30,756,1077,277,3356,632fc5dd2dd41a07d793ebfa86f57dce6d4bb735e0c641b1d065bfd586f60cbe,https://www.spiekeroog.de/buchung/file/codebehind/loadGaesteStatistik.php,raw/20260830T115545+0200_632fc5dd2dd4.html
2026-08-30T11:55:45+02:00,2026-08-31,526,523,59,2870,632fc5dd2dd41a07d793ebfa86f57dce6d4bb735e0c641b1d065bfd586f60cbe,https://www.spiekeroog.de/buchung/file/codebehind/loadGaesteStatistik.php,raw/20260830T115545+0200_632fc5dd2dd4.html
2026-08-30T11:55:45+02:00,2026-09-01,434,374,199,2798,632fc5dd2dd41a07d793ebfa86f57dce6d4bb735e0c641b1d065bfd586f60cbe,https://www.spiekeroog.de/buchung/file/codebehind/loadGaesteStatistik.php,raw/20260830T115545+0200_632fc5dd2dd4.html
2026-08-30T11:55:45+02:00,2026-09-02,223,245,55,2645,632fc5dd2dd41a07d793ebfa86f57dce6d4bb735e0c641b1d065bfd586f60cbe,https://www.spiekeroog.de/buchung/file/codebehind/loadGaesteStatistik.php,raw/20260830T115545+0200_632fc5dd2dd4.html
2026-08-30T11:55:45+02:00,2026-09-03,259,318,85,2661,632fc5dd2dd41a07d793ebfa86f57dce6d4bb735e0c641b1d065bfd586f60cbe,https://www.spiekeroog.de/buchung/file/codebehind/loadGaesteStatistik.php,raw/20260830T115545+0200_632fc5dd2dd4.html
2026-08-30T11:55:45+02:00,2026-09-04,421,515,25,2813,632fc5dd2dd41a07d793ebfa86f57dce6d4bb735e0c641b1d065bfd586f60cbe,https://www.spiekeroog.de/buchung/file/codebehind/loadGaesteStatistik.php,raw/20260830T115545+0200_632fc5dd2dd4.html
2026-08-30T11:55:45+02:00,2026-09-05,329,665,59,2626,632fc5dd2dd41a07d793ebfa86f57dce6d4bb735e0c641b1d065bfd586f60cbe,https://www.spiekeroog.de/buchung/file/codebehind/loadGaesteStatistik.php,raw/20260830T115545+0200_632fc5dd2dd4.html
2026-08-30T11:55:45+02:00,2026-09-06,361,623,22,2324,632fc5dd2dd41a07d793ebfa86f57dce6d4bb735e0c641b1d065bfd586f60cbe,https://www.spiekeroog.de/buchung/file/codebehind/loadGaesteStatistik.php,raw/20260830T115545+0200_632fc5dd2dd4.html
2026-08-31T12:50:09+02:00,2026-08-30,784,1087,277,3369,332b804fd59a55071e612f71aa5407ed7062e77ff4a95c09725dddcc6f8b8bad,https://www.spiekeroog.de/buchung/file/codebehind/loadGaesteStatistik.php,raw/20260831T125009+0200_332b804fd59a.html
2026-08-31T12:50:09+02:00,2026-08-31,627,582,106,2967,332b804fd59a55071e612f71aa5407ed7062e77ff4a95c09725dddcc6f8b8bad,https://www.spiekeroog.de/buchung/file/codebehind/loadGaesteStatistik.php,raw/20260831T125009+0200_332b804fd59a.html
2026-08-31T12:50:09+02:00,2026-09-01,531,465,291,2937,332b804fd59a55071e612f71aa5407ed7062e77ff4a95c09725dddcc6f8b8bad,https://www.spiekeroog.de/buchung/file/codebehind/loadGaesteStatistik.php,raw/20260831T125009+0200_332b804fd59a.html
2026-08-31T12:50:09+02:00,2026-09-02,290,317,111,2761,332b804fd59a55071e612f71aa5407ed7062e77ff4a95c09725dddcc6f8b8bad,https://www.spiekeroog.de/buchung/file/codebehind/loadGaesteStatistik.php,raw/20260831T125009+0200_332b804fd59a.html
2026-08-31T12:50:09+02:00,2026-09-03,266,354,88,2715,332b804fd59a55071e612f71aa5407ed7062e77ff4a95c09725dddcc6f8b8bad,https://www.spiekeroog.de/buchung/file/codebehind/loadGaesteStatistik.php,raw/20260831T125009+0200_332b804fd59a.html
2026-08-31T12:50:09+02:00,2026-09-04,434,519,28,2873,332b804fd59a55071e612f71aa5407ed7062e77ff4a95c09725dddcc6f8b8bad,https://www.spiekeroog.de/buchung/file/codebehind/loadGaesteStatistik.php,raw/20260831T125009+0200_332b804fd59a.html
2026-08-31T12:50:09+02:00,2026-09-05,339,686,60,2693,332b804fd59a55071e612f71aa5407ed7062e77ff4a95c09725dddcc6f8b8bad,https://www.spiekeroog.de/buchung/file/codebehind/loadGaesteStatistik.php,raw/20260831T125009+0200_332b804fd59a.html
2026-08-31T12:50:09+02:00,2026-09-06,416,640,25,2428,332b804fd59a55071e612f71aa5407ed7062e77ff4a95c09725dddcc6f8b8bad,https://www.spiekeroog.de/buchung/file/codebehind/loadGaesteStatistik.php,raw/20260831T125009+0200_332b804fd59a.html
2026-08-31T12:50:09+02:00,2026-09-07,547,367,83,2344,332b804fd59a55071e612f71aa5407ed7062e77ff4a95c09725dddcc6f8b8bad,https://www.spiekeroog.de/buchung/file/codebehind/loadGaesteStatistik.php,raw/20260831T125009+0200_332b804fd59a.html
2026-09-01T11:23:26+02:00,2026-08-31,629,586,106,2963,5442652f65285a4d4c91a1eab2710d5c06558846d96ac2a51259fcf4ea1076bd,https://www.spiekeroog.de/buchung/file/codebehind/loadGaesteStatistik.php,raw/20260901T112326+0200_5442652f6528.html
2026-09-01T11:23:26+02:00,2026-09-01,787,698,520,3180,5442652f65285a4d4c91a1eab2710d5c06558846d96ac2a51259fcf4ea1076bd,https://www.spiekeroog.de/buchung/file/codebehind/loadGaesteStatistik.php,raw/20260901T112326+0200_5442652f6528.html
2026-09-01T11:23:26+02:00,2026-09-02,344,376,160,2827,5442652f65285a4d4c91a1eab2710d5c06558846d96ac2a51259fcf4ea1076bd,https://www.spiekeroog.de/buchung/file/codebehind/loadGaesteStatistik.php,raw/20260901T112326+0200_5442652f6528.html
2026-09-01T11:23:26+02:00,2026-09-03,286,381,99,2750,5442652f65285a4d4c91a1eab2710d5c06558846d96ac2a51259fcf4ea1076bd,https://www.spiekeroog.de/buchung/file/codebehind/loadGaesteStatistik.php,raw/20260901T112326+0200_5442652f6528.html
2026-09-01T11:23:26+02:00,2026-09-04,444,530,31,2901,5442652f65285a4d4c91a1eab2710d5c06558846d96ac2a51259fcf4ea1076bd,https://www.spiekeroog.de/buchung/file/codebehind/loadGaesteStatistik.php,raw/20260901T112326+0200_5442652f6528.html
2026-09-01T11:23:26+02:00,2026-09-05,359,696,69,2730,5442652f65285a4d4c91a1eab2710d5c06558846d96ac2a51259fcf4ea1076bd,https://www.spiekeroog.de/buchung/file/codebehind/loadGaesteStatistik.php,raw/20260901T112326+0200_5442652f6528.html
2026-09-01T11:23:26+02:00,2026-09-06,442,656,34,2482,5442652f65285a4d4c91a1eab2710d5c06558846d96ac2a51259fcf4ea1076bd,https://www.spiekeroog.de/buchung/file/codebehind/loadGaesteStatistik.php,raw/20260901T112326+0200_5442652f6528.html
2026-09-01T11:23:26+02:00,2026-09-07,552,381,92,2387,5442652f65285a4d4c91a1eab2710d5c06558846d96ac2a51259fcf4ea1076bd,https://www.spiekeroog.de/buchung/file/codebehind/loadGaesteStatistik.php,raw/20260901T112326+0200_5442652f6528.html
2026-09-01T11:23:26+02:00,2026-09-08,127,252,41,2133,5442652f65285a4d4c91a1eab2710d5c06558846d96ac2a51259fcf4ea1076bd,https://www.spiekeroog.de/buchung/file/codebehind/loadGaesteStatistik.php,raw/20260901T112326+0200_5442652f6528.html
2026-09-02T10:46:09+02:00,2026-09-01,825,724,535,3206,27a232c95b566fb56c019c694164afa9545bc4764d3db8cb1202fe15327d2c12,https://www.spiekeroog.de/buchung/file/codebehind/loadGaesteStatistik.php,raw/20260902T104609+0200_27a232c95b56.html
2026-09-02T10:46:09+02:00,2026-09-02,467,503,275,2957,27a232c95b566fb56c019c694164afa9545bc4764d3db8cb1202fe15327d2c12,https://www.spiekeroog.de/buchung/file/codebehind/loadGaesteStatistik.php,raw/20260902T104609+0200_27a232c95b56.html
2026-09-02T10:46:09+02:00,2026-09-03,311,405,117,2787,27a232c95b566fb56c019c694164afa9545bc4764d3db8cb1202fe15327d2c12,https://www.spiekeroog.de/buchung/file/codebehind/loadGaesteStatistik.php,raw/20260902T104609+0200_27a232c95b56.html
2026-09-02T10:46:09+02:00,2026-09-04,459,546,34,2932,27a232c95b566fb56c019c694164afa9545bc4764d3db8cb1202fe15327d2c12,https://www.spiekeroog.de/buchung/file/codebehind/loadGaesteStatistik.php,raw/20260902T104609+0200_27a232c95b56.html
2026-09-02T10:46:09+02:00,2026-09-05,377,710,78,2768,27a232c95b566fb56c019c694164afa9545bc4764d3db8cb1202fe15327d2c12,https://www.spiekeroog.de/buchung/file/codebehind/loadGaesteStatistik.php,raw/20260902T104609+0200_27a232c95b56.html
2026-09-02T10:46:09+02:00,2026-09-06,457,672,44,2522,27a232c95b566fb56c019c694164afa9545bc4764d3db8cb1202fe15327d2c12,https://www.spiekeroog.de/buchung/file/codebehind/loadGaesteStatistik.php,raw/20260902T104609+0200_27a232c95b56.html
2026-09-02T10:46:09+02:00,2026-09-07,575,398,108,2430,27a232c95b566fb56c019c694164afa9545bc4764d3db8cb1202fe15327d2c12,https://www.spiekeroog.de/buchung/file/codebehind/loadGaesteStatistik.php,raw/20260902T104609+0200_27a232c95b56.html
2026-09-02T10:46:09+02:00,2026-09-08,140,269,47,2171,27a232c95b566fb56c019c694164afa9545bc4764d3db8cb1202fe15327d2c12,https://www.spiekeroog.de/buchung/file/codebehind/loadGaesteStatistik.php,raw/20260902T104609+0200_27a232c95b56.html
2026-09-02T10:46:09+02:00,2026-09-09,180,262,92,2089,27a232c95b566fb56c019c694164afa9545bc4764d3db8cb1202fe15327d2c12,https://www.spiekeroog.de/buchung/file/codebehind/loadGaesteStatistik.php,raw/20260902T104609+0200_27a232c95b56.html
2026-09-03T10:55:09+02:00,2026-09-02,554,586,345,3037,a17c3df738f2e585485e5dbd9174f103535d566abfa01bf4aa7479ee59478582,https://www.spiekeroog.de/buchung/file/codebehind/loadGaesteStatistik.php,raw/20260903T105509+0200_a17c3df738f2.html
2026-09-03T10:55:09+02:00,2026-09-03,400,500,181,2877,a17c3df738f2e585485e5dbd9174f103535d566abfa01bf4aa7479ee59478582,https://www.spiekeroog.de/buchung/file/codebehind/loadGaesteStatistik.php,raw/20260903T105509+0200_a17c3df738f2.html
2026-09-03T10:55:09+02:00,2026-09-04,471,565,43,2962,a17c3df738f2e585485e5dbd9174f103535d566abfa01bf4aa7479ee59478582,https://www.spiekeroog.de/buchung/file/codebehind/loadGaesteStatistik.php,raw/20260903T105509+0200_a17c3df738f2.html
2026-09-03T10:55:09+02:00,2026-09-05,406,730,86,2816,a17c3df738f2e585485e5dbd9174f103535d566abfa01bf4aa7479ee59478582,https://www.spiekeroog.de/buchung/file/codebehind/loadGaesteStatistik.php,raw/20260903T105509+0200_a17c3df738f2.html
2026-09-03T10:55:09+02:00,2026-09-06,474,682,44,2570,a17c3df738f2e585485e5dbd9174f103535d566abfa01bf4aa7479ee59478582,https://www.spiekeroog.de/buchung/file/codebehind/loadGaesteStatistik.php,raw/20260903T105509+0200_a17c3df738f2.html
2026-09-03T10:55:09+02:00,2026-09-07,617,431,138,2516,a17c3df738f2e585485e5dbd9174f103535d566abfa01bf4aa7479ee59478582,https://www.spiekeroog.de/buchung/file/codebehind/loadGaesteStatistik.php,raw/20260903T105509+0200_a17c3df738f2.html
2026-09-03T10:55:09+02:00,2026-09-08,151,281,51,2235,a17c3df738f2e585485e5dbd9174f103535d566abfa01bf4aa7479ee59478582,https://www.spiekeroog.de/buchung/file/codebehind/loadGaesteStatistik.php,raw/20260903T105509+0200_a17c3df738f2.html
2026-09-03T10:55:09+02:00,2026-09-09,191,276,94,2152,a17c3df738f2e585485e5dbd9174f103535d566abfa01bf4aa7479ee59478582,https://www.spiekeroog.de/buchung/file/codebehind/loadGaesteStatistik.php,raw/20260903T105509+0200_a17c3df738f2.html
2026-09-03T10:55:09+02:00,2026-09-10,228,228,64,2108,a17c3df738f2e585485e5dbd9174f103535d566abfa01bf4aa7479ee59478582,https://www.spiekeroog.de/buchung/file/codebehind/loadGaesteStatistik.php,raw/20260903T105509+0200_a17c3df738f2.html
2026-09-04T10:50:05+02:00,2026-09-03,543,545,215,2911,7af24a69ec35ab0f4139b39ec65c73d58d037450208e081e8d420007c27259c5,https://www.spiekeroog.de/buchung/file/codebehind/loadGaesteStatistik.php,raw/20260904T105005+0200_7af24a69ec35.html
2026-09-04T10:50:05+02:00,2026-09-04,485,591,46,2964,7af24a69ec35ab0f4139b39ec65c73d58d037450208e081e8d420007c27259c5,https://www.spiekeroog.de/buchung/file/codebehind/loadGaesteStatistik.php,raw/20260904T105005+0200_7af24a69ec35.html
2026-09-04T10:50:05+02:00,2026-09-05,437,728,101,2827,7af24a69ec35ab0f4139b39ec65c73d58d037450208e081e8d420007c27259c5,https://www.spiekeroog.de/buchung/file/codebehind/loadGaesteStatistik.php,raw/20260904T105005+0200_7af24a69ec35.html
2026-09-04T10:50:05+02:00,2026-09-06,497,708,54,2608,7af24a69ec35ab0f4139b39ec65c73d58d037450208e081e8d420007c27259c5,https://www.spiekeroog.de/buchung/file/codebehind/loadGaesteStatistik.php,raw/20260904T105005+0200_7af24a69ec35.html
2026-09-04T10:50:05+02:00,2026-09-07,663,480,172,2582,7af24a69ec35ab0f4139b39ec65c73d58d037450208e081e8d420007c27259c5,https://www.spiekeroog.de/buchung/file/codebehind/loadGaesteStatistik.php,raw/20260904T105005+0200_7af24a69ec35.html
2026-09-04T10:50:05+02:00,2026-09-08,162,296,57,2262,7af24a69ec35ab0f4139b39ec65c73d58d037450208e081e8d420007c27259c5,https://www.spiekeroog.de/buchung/file/codebehind/loadGaesteStatistik.php,raw/20260904T105005+0200_7af24a69ec35.html
2026-09-04T10:50:05+02:00,2026-09-09,197,287,94,2174,7af24a69ec35ab0f4139b39ec65c73d58d037450208e081e8d420007c27259c5,https://www.spiekeroog.de/buchung/file/codebehind/loadGaesteStatistik.php,raw/20260904T105005+0200_7af24a69ec35.html
2026-09-04T10:50:05+02:00,2026-09-10,232,230,68,2123,7af24a69ec35ab0f4139b39ec65c73d58d037450208e081e8d420007c27259c5,https://www.spiekeroog.de/buchung/file/codebehind/loadGaesteStatistik.php,raw/20260904T105005+0200_7af24a69ec35.html
2026-09-04T10:50:05+02:00,2026-09-11,297,563,6,2185,7af24a69ec35ab0f4139b39ec65c73d58d037450208e081e8d420007c27259c5,https://www.spiekeroog.de/buchung/file/codebehind/loadGaesteStatistik.php,raw/20260904T105005+0200_7af24a69ec35.html
2026-09-05T10:20:22+02:00,2026-09-04,495,590,39,2967,adc365c5b41049483045526264f50d4bc36f2d4d4b6c58f2e2f1be5c86c67f74,https://www.spiekeroog.de/buchung/file/codebehind/loadGaesteStatistik.php,raw/20260905T102022+0200_adc365c5b410.html
2026-09-05T10:20:22+02:00,2026-09-05,510,789,135,2903,adc365c5b41049483045526264f50d4bc36f2d4d4b6c58f2e2f1be5c86c67f74,https://www.spiekeroog.de/buchung/file/codebehind/loadGaesteStatistik.php,raw/20260905T102022+0200_adc365c5b410.html
2026-09-05T10:20:22+02:00,2026-09-06,535,751,83,2677,adc365c5b41049483045526264f50d4bc36f2d4d4b6c58f2e2f1be5c86c67f74,https://www.spiekeroog.de/buchung/file/codebehind/loadGaesteStatistik.php,raw/20260905T102022+0200_adc365c5b410.html
2026-09-05T10:20:22+02:00,2026-09-07,722,533,224,2671,adc365c5b41049483045526264f50d4bc36f2d4d4b6c58f2e2f1be5c86c67f74,https://www.spiekeroog.de/buchung/file/codebehind/loadGaesteStatistik.php,raw/20260905T102022+0200_adc365c5b410.html
2026-09-05T10:20:22+02:00,2026-09-08,170,311,64,2306,adc365c5b41049483045526264f50d4bc36f2d4d4b6c58f2e2f1be5c86c67f74,https://www.spiekeroog.de/buchung/file/codebehind/loadGaesteStatistik.php,raw/20260905T102022+0200_adc365c5b410.html
2026-09-05T10:20:22+02:00,2026-09-09,199,298,94,2205,adc365c5b41049483045526264f50d4bc36f2d4d4b6c58f2e2f1be5c86c67f74,https://www.spiekeroog.de/buchung/file/codebehind/loadGaesteStatistik.php,raw/20260905T102022+0200_adc365c5b410.html
2026-09-05T10:20:22+02:00,2026-09-10,237,240,69,2150,adc365c5b41049483045526264f50d4bc36f2d4d4b6c58f2e2f1be5c86c67f74,https://www.spiekeroog.de/buchung/file/codebehind/loadGaesteStatistik.php,raw/20260905T102022+0200_adc365c5b410.html
2026-09-05T10:20:22+02:00,2026-09-11,302,567,6,2207,adc365c5b41049483045526264f50d4bc36f2d4d4b6c58f2e2f1be5c86c67f74,https://www.spiekeroog.de/buchung/file/codebehind/loadGaesteStatistik.php,raw/20260905T102022+0200_adc365c5b410.html
2026-09-05T10:20:22+02:00,2026-09-12,544,621,123,2188,adc365c5b41049483045526264f50d4bc36f2d4d4b6c58f2e2f1be5c86c67f74,https://www.spiekeroog.de/buchung/file/codebehind/loadGaesteStatistik.php,raw/20260905T102022+0200_adc365c5b410.html
2026-09-06T10:39:22+02:00,2026-09-05,561,819,153,2943,c6f41e0a5b30ff53e4731d1cb8d9175b1bef310a59ca22ff0e9bde17e590a6b6,https://www.spiekeroog.de/buchung/file/codebehind/loadGaesteStatistik.php,raw/20260906T103922+0200_c6f41e0a5b30.html
2026-09-06T10:39:22+02:00,2026-09-06,642,837,161,2804,c6f41e0a5b30ff53e4731d1cb8d9175b1bef310a59ca22ff0e9bde17e590a6b6,https://www.spiekeroog.de/buchung/file/codebehind/loadGaesteStatistik.php,raw/20260906T103922+0200_c6f41e0a5b30.html
2026-09-06T10:39:22+02:00,2026-09-07,821,639,316,2822,c6f41e0a5b30ff53e4731d1cb8d9175b1bef310a59ca22ff0e9bde17e590a6b6,https://www.spiekeroog.de/buchung/file/codebehind/loadGaesteStatistik.php,raw/20260906T103922+0200_c6f41e0a5b30.html
2026-09-06T10:39:22+02:00,2026-09-08,182,320,64,2367,c6f41e0a5b30ff53e4731d1cb8d9175b1bef310a59ca22ff0e9bde17e590a6b6,https://www.spiekeroog.de/buchung/file/codebehind/loadGaesteStatistik.php,raw/20260906T103922+0200_c6f41e0a5b30.html
2026-09-06T10:39:22+02:00,2026-09-09,202,306,94,2261,c6f41e0a5b30ff53e4731d1cb8d9175b1bef310a59ca22ff0e9bde17e590a6b6,https://www.spiekeroog.de/buchung/file/codebehind/loadGaesteStatistik.php,raw/20260906T103922+0200_c6f41e0a5b30.html
2026-09-06T10:39:22+02:00,2026-09-10,239,261,69,2202,c6f41e0a5b30ff53e4731d1cb8d9175b1bef310a59ca22ff0e9bde17e590a6b6,https://www.spiekeroog.de/buchung/file/codebehind/loadGaesteStatistik.php,raw/20260906T103922+0200_c6f41e0a5b30.html
2026-09-06T10:39:22+02:00,2026-09-11,315,569,6,2248,c6f41e0a5b30ff53e4731d1cb8d9175b1bef310a59ca22ff0e9bde17e590a6b6,https://www.spiekeroog.de/buchung/file/codebehind/loadGaesteStatistik.php,raw/20260906T103922+0200_c6f41e0a5b30.html
2026-09-06T10:39:22+02:00,2026-09-12,552,637,123,2235,c6f41e0a5b30ff53e4731d1cb8d9175b1bef310a59ca22ff0e9bde17e590a6b6,https://www.spiekeroog.de/buchung/file/codebehind/loadGaesteStatistik.php,raw/20260906T103922+0200_c6f41e0a5b30.html
2026-09-06T10:39:22+02:00,2026-09-13,467,657,27,2063,c6f41e0a5b30ff53e4731d1cb8d9175b1bef310a59ca22ff0e9bde17e590a6b6,https://www.spiekeroog.de/buchung/file/codebehind/loadGaesteStatistik.php,raw/20260906T103922+0200_c6f41e0a5b30.html
2026-09-07T11:19:14+02:00,2026-09-06,657,840,166,2815,37718790a71ed73f8ef7f382402a14497f29ed5c37706770f4aacd43c52598dc,https://www.spiekeroog.de/buchung/file/codebehind/loadGaesteStatistik.php,raw/20260907T111914+0200_37718790a71e.html
2026-09-07T11:19:14+02:00,2026-09-07,1063,863,524,3057,37718790a71ed73f8ef7f382402a14497f29ed5c37706770f4aacd43c52598dc,https://www.spiekeroog.de/buchung/file/codebehind/loadGaesteStatistik.php,raw/20260907T111914+0200_37718790a71e.html
2026-09-07T11:19:14+02:00,2026-09-08,215,353,87,2420,37718790a71ed73f8ef7f382402a14497f29ed5c37706770f4aacd43c52598dc,https://www.spiekeroog.de/buchung/file/codebehind/loadGaesteStatistik.php,raw/20260907T111914+0200_37718790a71e.html
2026-09-07T11:19:14+02:00,2026-09-09,237,339,115,2321,37718790a71ed73f8ef7f382402a14497f29ed5c37706770f4aacd43c52598dc,https://www.spiekeroog.de/buchung/file/codebehind/loadGaesteStatistik.php,raw/20260907T111914+0200_37718790a71e.html
2026-09-07T11:19:14+02:00,2026-09-10,263,280,76,2256,37718790a71ed73f8ef7f382402a14497f29ed5c37706770f4aacd43c52598dc,https://www.spiekeroog.de/buchung/file/codebehind/loadGaesteStatistik.php,raw/20260907T111914+0200_37718790a71e.html
2026-09-07T11:19:14+02:00,2026-09-11,331,584,10,2302,37718790a71ed73f8ef7f382402a14497f29ed5c37706770f4aacd43c52598dc,https://www.spiekeroog.de/buchung/file/codebehind/loadGaesteStatistik.php,raw/20260907T111914+0200_37718790a71e.html
2026-09-07T11:19:14+02:00,2026-09-12,571,645,127,2291,37718790a71ed73f8ef7f382402a14497f29ed5c37706770f4aacd43c52598dc,https://www.spiekeroog.de/buchung/file/codebehind/loadGaesteStatistik.php,raw/20260907T111914+0200_37718790a71e.html
2026-09-07T11:19:14+02:00,2026-09-13,474,678,27,2123,37718790a71ed73f8ef7f382402a14497f29ed5c37706770f4aacd43c52598dc,https://www.spiekeroog.de/buchung/file/codebehind/loadGaesteStatistik.php,raw/20260907T111914+0200_37718790a71e.html
2026-09-07T11:19:14+02:00,2026-09-14,598,302,37,2038,37718790a71ed73f8ef7f382402a14497f29ed5c37706770f4aacd43c52598dc,https://www.spiekeroog.de/buchung/file/codebehind/loadGaesteStatistik.php,raw/20260907T111914+0200_37718790a71e.html
2026-09-08T10:51:13+02:00,2026-09-07,1076,865,526,3062,82805a5e1ce69da2b889c77cfec0f74ae7b179b864fa4d81bb0f197ebf09e8ad,https://www.spiekeroog.de/buchung/file/codebehind/loadGaesteStatistik.php,raw/20260908T105113+0200_82805a5e1ce6.html
2026-09-08T10:51:13+02:00,2026-09-08,276,410,132,2482,82805a5e1ce69da2b889c77cfec0f74ae7b179b864fa4d81bb0f197ebf09e8ad,https://www.spiekeroog.de/buchung/file/codebehind/loadGaesteStatistik.php,raw/20260908T105113+0200_82805a5e1ce6.html
2026-09-08T10:51:13+02:00,2026-09-09,272,364,139,2365,82805a5e1ce69da2b889c77cfec0f74ae7b179b864fa4d81bb0f197ebf09e8ad,https://www.spiekeroog.de/buchung/file/codebehind/loadGaesteStatistik.php,raw/20260908T105113+0200_82805a5e1ce6.html
2026-09-08T10:51:13+02:00,2026-09-10,308,328,115,2320,82805a5e1ce69da2b889c77cfec0f74ae7b179b864fa4d81bb0f197ebf09e8ad,https://www.spiekeroog.de/buchung/file/codebehind/loadGaesteStatistik.php,raw/20260908T105113+0200_82805a5e1ce6.html
2026-09-08T10:51:13+02:00,2026-09-11,358,598,13,2352,82805a5e1ce69da2b889c77cfec0f74ae7b179b864fa4d81bb0f197ebf09e8ad,https://www.spiekeroog.de/buchung/file/codebehind/loadGaesteStatistik.php,raw/20260908T105113+0200_82805a5e1ce6.html
2026-09-08T10:51:13+02:00,2026-09-12,579,653,129,2336,82805a5e1ce69da2b889c77cfec0f74ae7b179b864fa4d81bb0f197ebf09e8ad,https://www.spiekeroog.de/buchung/file/codebehind/loadGaesteStatistik.php,raw/20260908T105113+0200_82805a5e1ce6.html
2026-09-08T10:51:13+02:00,2026-09-13,497,712,39,2187,82805a5e1ce69da2b889c77cfec0f74ae7b179b864fa4d81bb0f197ebf09e8ad,https://www.spiekeroog.de/buchung/file/codebehind/loadGaesteStatistik.php,raw/20260908T105113+0200_82805a5e1ce6.html
2026-09-08T10:51:13+02:00,2026-09-14,609,313,39,2078,82805a5e1ce69da2b889c77cfec0f74ae7b179b864fa4d81bb0f197ebf09e8ad,https://www.spiekeroog.de/buchung/file/codebehind/loadGaesteStatistik.php,raw/20260908T105113+0200_82805a5e1ce6.html
2026-09-08T10:51:13+02:00,2026-09-15,181,188,87,1935,82805a5e1ce69da2b889c77cfec0f74ae7b179b864fa4d81bb0f197ebf09e8ad,https://www.spiekeroog.de/buchung/file/codebehind/loadGaesteStatistik.php,raw/20260908T105113+0200_82805a5e1ce6.html
2026-09-09T10:57:14+02:00,2026-09-08,280,411,134,2486,bbd7ab4c03d276dc192e20dae56e89343c207db34e0fecfa471db3ad1d79da17,https://www.spiekeroog.de/buchung/file/codebehind/loadGaesteStatistik.php,raw/20260909T105714+0200_bbd7ab4c03d2.html
2026-09-09T10:57:14+02:00,2026-09-09,358,448,213,2452,bbd7ab4c03d276dc192e20dae56e89343c207db34e0fecfa471db3ad1d79da17,https://www.spiekeroog.de/buchung/file/codebehind/loadGaesteStatistik.php,raw/20260909T105714+0200_bbd7ab4c03d2.html
2026-09-09T10:57:14+02:00,2026-09-10,393,403,182,2413,bbd7ab4c03d276dc192e20dae56e89343c207db34e0fecfa471db3ad1d79da17,https://www.spiekeroog.de/buchung/file/codebehind/loadGaesteStatistik.php,raw/20260909T105714+0200_bbd7ab4c03d2.html
2026-09-09T10:57:14+02:00,2026-09-11,395,622,18,2410,bbd7ab4c03d276dc192e20dae56e89343c207db34e0fecfa471db3ad1d79da17,https://www.spiekeroog.de/buchung/file/codebehind/loadGaesteStatistik.php,raw/20260909T105714+0200_bbd7ab4c03d2.html
2026-09-09T10:57:14+02:00,2026-09-12,587,654,129,2387,bbd7ab4c03d276dc192e20dae56e89343c207db34e0fecfa471db3ad1d79da17,https://www.spiekeroog.de/buchung/file/codebehind/loadGaesteStatistik.php,raw/20260909T105714+0200_bbd7ab4c03d2.html
2026-09-09T10:57:14+02:00,2026-09-13,509,755,41,2251,bbd7ab4c03d276dc192e20dae56e89343c207db34e0fecfa471db3ad1d79da17,https://www.spiekeroog.de/buchung/file/codebehind/loadGaesteStatistik.php,raw/20260909T105714+0200_bbd7ab4c03d2.html
2026-09-09T10:57:14+02:00,2026-09-14,627,325,49,2120,bbd7ab4c03d276dc192e20dae56e89343c207db34e0fecfa471db3ad1d79da17,https://www.spiekeroog.de/buchung/file/codebehind/loadGaesteStatistik.php,raw/20260909T105714+0200_bbd7ab4c03d2.html
2026-09-09T10:57:14+02:00,2026-09-15,189,192,88,1973,bbd7ab4c03d276dc192e20dae56e89343c207db34e0fecfa471db3ad1d79da17,https://www.spiekeroog.de/buchung/file/codebehind/loadGaesteStatistik.php,raw/20260909T105714+0200_bbd7ab4c03d2.html
2026-09-09T10:57:14+02:00,2026-09-16,180,177,68,1955,bbd7ab4c03d276dc192e20dae56e89343c207db34e0fecfa471db3ad1d79da17,https://www.spiekeroog.de/buchung/file/codebehind/loadGaesteStatistik.php,raw/20260909T105714+0200_bbd7ab4c03d2.html
